xml_name,name,cas,matched
"1,1-dichloro-2,2-bis(4-ethylphenyl)ethane  (F)","1,1-dichloro-2,2-bis(4-ethylphenyl)ethane",,False
"1,2-dibromoethane (ethylene dibromide) (F)","1,2-Dibromoethane",106-93-4,True
"1,2-dichloroethane (ethylene dichloride) (F)","1,2-Dichloroethane",107-06-2,True
"1,3-Dichloropropene","1,3-Dichloropropene",542-75-6,True
"1,4-Diaminobutane  (aka Putrescine) (++)","1,4-Diaminobutane",,False
"1,4-dimethylnaphthalene (R)(F)","1,4-Dimethylnaphthalene",571-58-4,True
1-Decanol,1-Decanol,112-30-1,True
"1-Naphthylacetamide and 1-naphthylacetic acid (sum of 1-naphthylacetamide and 1-naphthylacetic acid and its salts, expressed as 1-naphythlacetic acid)",1-Naphthylacetamide and 1-naphthylacetic acid,,False
1-methyl-3-(trifluoromethyl)-1H-pyrazole-4-carboxamide (PAM),1-methyl-3-(trifluoromethyl)-1H-pyrazole-4-carboxamide,,False
1-methylcyclopropene,1-methylcyclopropene,3100-04-7,True
"2,4,5-T (sum of 2,4,5-T, its salts and esters, expressed as 2,4,5-T) (F)","2,4,5-T",93-76-5,True
"2,4-D (sum of 2,4-D, its salts, its esters and its conjugates, expressed as 2,4-D)","2,4-D",94-75-7,True
"2,4-DB (sum of 2,4-DB, its salts, its esters and its conjugates, expressed as 2,4-DB) (R)","2,4-DB",94-82-6,True
"2,5-dichlorobenzoic acid methylester (sum of 2,5-dichlorobenzoic acid and its ester expressed as 2,5-dichlorobenzoic acid methylester)","2,5-Dichlorobenzoic acid methylester",2905-69-3,True
"2-amino-4-methoxy-6-(trifluormethyl)-1,3,5-triazine (AMTT), resulting from the use of tritosulfuron  (F)","2-amino-4-methoxy-6-(trifluormethyl)-1,3,5-triazine (AMTT), resulting from the use of tritosulfuron",,False
2-naphthyloxyacetic acid,2-naphthyloxyacetic acid,,False
"2-phenylphenol (sum of 2-phenylphenol and its conjugates, expressed as 2-phenylphenol) (R)(F)",2-phenylphenol,,False
24-epibrassinolide,24-Epibrassinolide,78821-43-9,True
3-decen-2-one,3-decen-2-one,,False
6-Benzyladenine,6-Benzyladenine,1214-39-7,True
"8-hydroxyquinoline (sum of 8-hydroxyquinoline and its salts, expressed as 8-hydroxyquinoline)",8-hydroxyquinoline,,False
ABE-IT 56,ABE-IT 56,No CAS allocated,True
"Abamectin (sum of avermectin B1a, avermectin B1b and delta-8,9 isomer of avermectin B1a, expressed as avermectin B1a) (R)(F)",Abamectin,,False
Acephate,Acephate,30560-19-1,True
Acequinocyl (F),Acequinocyl,57960-19-7,True
Acetamiprid  (R),Acetamiprid,135410-20-7,True
Acetic acid,Acetic acid,64-19-7,True
Acetochlor,Acetochlor,34256-82-1,True
"Acibenzolar-S-methyl (sum of acibenzolar-S-methyl and acibenzolar acid (free and conjugated), expressed as acibenzolar-S-methyl)","Acibenzolar-S-methyl (sum of acibenzolar-S-methyl and acibenzolar acid (free and conjugated), expressed as acibenzolar-S-methyl)",,False
Aclonifen,Aclonifen,74070-46-5,True
Acrinathrin  (F),Acrinathrin,101007-06-1,True
Adoxophyes orana GV strain BV-0001,Adoxophyes orana GV strain BV-0001,No CAS allocated,True
Akanthomyces muscarius Ve6 (formerly Lecanicillium muscarium strain Ve6),Akanthomyces muscarius Ve6 (formerly Lecanicillium muscarium strain Ve6),No CAS allocated,True
Alachlor,Alachlor,15972-60-8,True
"Aldicarb (sum of aldicarb, its sulfoxide and its sulfone, expressed as aldicarb)",Aldicarb,116-06-3,True
Aldrin and Dieldrin (Aldrin and dieldrin combined expressed as dieldrin) (F),Aldrin and Dieldrin,,False
Allium cepa L. bulb extract,Allium cepa L. bulb extract,No CAS allocated,True
Aluminium silicate  (aka kaolin) (++)(+),Aluminium silicate,,False
Ametoctradin (R)(F),Ametoctradin,865318-97-4,True
Amidosulfuron  (R)(A),Amidosulfuron,120923-37-7,True
"Aminopyralid (sum of aminopyralid, its salts and its conjugates, expressed as aminopyralid) (R)",Aminopyralid,150114-71-9,True
Amisulbrom,Amisulbrom,348635-87-0,True
"Amitraz (amitraz including the metabolites containing the 2,4 -dimethylaniline moiety expressed as amitraz)",Amitraz,33089-61-1,True
Amitrole,Amitrole,,False
Ammonium acetate  (++),Ammonium Acetate,631-61-8,True
Ampelomyces quisqualis strain AQ10,Ampelomyces quisqualis strain AQ10,No CAS allocated,True
Anilazine,Anilazine,101-05-3,True
Anthraquinone  (F),Anthraquinone,84-65-1,True
Aqueous extract from the germinated seeds of sweet Lupinus albus,Aqueous extract from the germinated seeds of sweet Lupinus albus,No CAS allocated,True
Aramite  (F),Aramite,140-57-8,True
Asulam,Asulam,3337-71-1,True
Atrazine  (F),Atrazine,1912-24-9,True
Aureobasidium pullulans strains DSM 14940 and DSM 14941,Aureobasidium pullulans strains DSM 14940 and DSM 14941,,False
Azadirachtin,Azadirachtin,,False
Azimsulfuron,Azimsulfuron,120162-55-2,True
Azinphos-ethyl  (F),Azinphos-ethyl,,False
Azinphos-methyl  (F),Azinphos-methyl,86-50-0,True
Azocyclotin and Cyhexatin (sum of azocyclotin and cyhexatin expressed as cyhexatin),Azocyclotin and Cyhexatin,,False
Azoxystrobin,Azoxystrobin,131860-33-8,True
Bacillus amyloliquefaciens (formerly subtilis) str. QST 713,Bacillus amyloliquefaciens (formerly subtilis) str. QST 713,No CAS allocated,True
Bacillus amyloliquefaciens AH2,Bacillus amyloliquefaciens AH2,No CAS allocated,True
Bacillus amyloliquefaciens strain FZB24,Bacillus amyloliquefaciens strain FZB24,No CAS allocated,True
Bacillus amyloliquefaciens strain IT-45,Bacillus amyloliquefaciens strain IT-45,,False
Bacillus amyloliquefaciens strain MBI 600,Bacillus amyloliquefaciens strain MBI 600,No CAS allocated,True
Bacillus amyloliquefaciens subsp. plantarum strain D747,Bacillus amyloliquefaciens subsp. plantarum strain D747,,False
Bacillus firmus I-1582,Bacillus firmus I-1582,,False
Bacillus pumilus QST 2808,Bacillus pumilus QST 2808,,False
Bacillus subtilis strain IAB/BS03,Bacillus subtilis strain IAB/BS03,No CAS allocated,True
Barban  (F),Barban,101-27-9,True
Beauveria bassiana PPRI 5339,Beauveria bassiana PPRI 5339,,False
Beauveria bassiana strain ATCC 74040,Beauveria bassiana strain ATCC 74040,No CAS allocated,True
Beauveria bassiana strain GHA,Beauveria bassiana strain GHA,No CAS allocated,True
Beer,Beer,No CAS allocated,True
Beflubutamid,Beflubutamid,113614-08-7,True
Benalaxyl including other mixtures of constituent isomers including benalaxyl-M (sum of isomers),Benalaxyl including other mixtures of constituent isomers including benalaxyl-M,,False
Benfluralin  (F),Benfluralin,1861-40-1,True
Bensulfuron-methyl,Bensulfuron-methyl,,False
"Bentazone (Sum of bentazone, its salts and 6-hydroxy (free and conjugated) and 8-hydroxy bentazone (free and conjugated), expressed as bentazone) (R)","Bentazone (Sum of bentazone, its salts and 6-hydroxy (free and conjugated) and 8-hydroxy bentazone (free and conjugated), expressed as bentazone)",,False
"Benthiavalicarb (Benthiavalicarb-isopropyl(KIF-230 R-L) and its enantiomer (KIF-230 S-D) and its diastereomers(KIF-230 S-L and KIF-230 R-D), expressed as benthiavalicarb-isopropyl) (A)","Benthiavalicarb (Benthiavalicarb-isopropyl(KIF-230 R-L) and its enantiomer (KIF-230 S-D) and its diastereomers(KIF-230 S-L and KIF-230 R-D), expressed as benthiavalicarb-isopropyl)",,False
"Benzalkonium chloride (mixture of alkylbenzyldimethylammonium chlorides with alkyl chain lengths of C8, C10, C12, C14, C16 and C18)",Benzalkonium chloride,8001-54-5,True
Benzoic acid  (+),Benzoic acid,65-85-0,True
Benzovindiflupyr,Benzovindiflupyr,1072957-71-1,True
Betabaculovirus phoperculellae,Betabaculovirus phoperculellae,No CAS allocated,True
"Bicyclopyrone (sum of bicyclopyrone and its structurally related metabolites determined as the sum of the common moieties 2-(2- methoxyethoxymethyl)-6-(trifluoromethyl) pyridine-3-carboxylic acid (SYN503780) and (2-(2-hydroxyethoxymethyl)-6- (trifluoromethyl)pyridine-3-carboxylic acid (CSCD686480), expressed as bicyclopyrone)","Bicyclopyrone (sum of bicyclopyrone and its structurally related metabolites determined as the sum of the common moieties 2-(2- methoxyethoxymethyl)-6-(trifluoromethyl) pyridine-3-carboxylic acid (SYN503780) and (2-(2-hydroxyethoxymethyl)-6- (trifluoromethyl)pyridine-3-carboxylic acid (CSCD686480), expressed as bicyclopyrone)",,False
Bifenazate (sum of bifenazate plus bifenazate-diazene expressed as bifenazate) (F),Bifenazate,149877-41-8,True
Bifenox  (F),Bifenox,42576-02-3,True
Bifenthrin (sum of isomers) (F),Bifenthrin,82657-04-3,True
Biphenyl,Biphenyl,92-52-4,True
"Bispyribac (sum of bispyribac, its salts and its esters, expressed as bispyribac)",Bispyribac,125401-75-4,True
Bitertanol (sum of isomers) (F),Bitertanol,55179-31-2,True
Bixafen (R)(F),Bixafen,581809-46-3,True
Bone oil,Bone Oil,No CAS allocated,True
Boscalid  (R)(F),Boscalid,,False
Bromadiolone,Bromadiolone,28772-56-7,True
Bromide ion,Bromide ion,,False
Bromophos-ethyl  (F),Bromophos-ethyl,4824-78-6,True
Bromopropylate  (F),Bromopropylate,18181-80-1,True
"Bromoxynil and its salts, expressed as bromoxynil","Bromoxynil and its salts, expressed as bromoxynil",,False
Bromuconazole (sum of diasteroisomers) (F),Bromuconazole,116255-48-2,True
Bupirimate (R)(F)(A),Bupirimate,41483-43-6,True
Buprofezin  (F),Buprofezin,69327-76-0,True
Butralin,Butralin,33629-47-9,True
Butylate,Butylate,2008-41-5,True
COS-OGA,COS-OGA,No CAS allocated,True
Cadusafos,Cadusafos,,False
Calcium carbide,Calcium carbide,75-20-7,True
Calcium carbonate,Calcium carbonate,471-34-1,True
Calcium hydroxide,Calcium hydroxide,1305-62-0,True
Camphechlor (Toxaphene) (R)(F),Camphechlor,8001-35-2,True
Candida oleophila strain O,Candida oleophila strain O,No CAS allocated,True
Capric acid,Capric acid,,False
Captafol  (F),Captafol,2425-06-1,True
"Captan (Sum of captan and THPI, expressed as captan) (R)",Captan,133-06-02,True
Carbaryl  (F),Carbaryl,63-25-2,True
Carbendazim and benomyl (sum of benomyl and carbendazim expressed as carbendazim) (R),Carbendazim and benomyl,,False
Carbetamide (sum of carbetamide and its S isomer),Carbetamide,16118-49-3,True
"Carbofuran (sum of carbofuran (including any carbofuran generated from carbosulfan, benfuracarb or furathiocarb) and 3-OH carbofuran expressed as carbofuran) (R)","Carbofuran (sum of carbofuran (including any carbofuran generated from carbosulfan, benfuracarb or furathiocarb) and 3-OH carbofuran expressed as carbofuran)",,False
Carbon dioxide,Carbon dioxide,,False
Carbon monoxide,Carbon monoxide,630-08-0,True
Carbon tetrachloride,Carbon tetrachloride,56-23-5,True
"Carboxin (carboxin plus its metabolites carboxin sulfoxide and oxycarboxin (carboxin sulfone), expressed as carboxin)","Carboxin (carboxin plus its metabolites carboxin sulfoxide and oxycarboxin (carboxin sulfone), expressed as carboxin)",,False
"Carfentrazone-ethyl (sum of carfentrazone-ethyl and carfentrazone, expressed as carfentrazone-ethyl) (R)",Carfentrazone-ethyl,128639-02-1,True
Cartap,Cartap,15263-53-3,True
Carvone,Carvone,244-16-8,True
Cerevisane,Cerevisane,No CAS allocated,True
Chitosan,Chitosan,9012-76-4,True
Chitosan hydrochloride,Chitosan hydrochloride,9012-76-4,True
Chlorantraniliprole (F),Chlorantraniliprole,500008-45-7,True
Chlorate  (A),Chlorate,,False
Chlorbenside  (F),Chlorbenside,103-17-3,True
Chlorbufam  (F),Chlorbufam,1967-16-4,True
Chlordane (sum of cis- and trans-chlordane) (R)(F),Chlordane,12789-03-6,True
Chlordecone  (F),Chlordecone,143-50-0,True
Chlorfenapyr,Chlorfenapyr,122453-73-0,True
Chlorfenson  (F),Chlorfenson,,False
Chlorfenvinphos  (F),Chlorfenvinphos,470-90-6,True
"Chloridazon (sum of chloridazon and chloridazon-desphenyl, expressed as chloridazon) (R)",Chloridazon,,False
"Chlormequat (sum of chlormequat and its salts, expressed as chlormequat-chloride)",Chlormequat,7003-89-6,True
Chlorobenzilate  (F),Chlorobenzilate,510-15-6,True
Chloropicrin,Chloropicrin,76-06-2,True
Chlorothalonil  (R),Chlorothalonil,1897-45-6,True
Chlorotoluron,Chlorotoluron,15545-48-9,True
Chloroxuron  (F),Chloroxuron,1982-47-4,True
Chlorpropham (R),Chlorpropham,101-21-3,True
Chlorpyrifos  (F),Chlorpyrifos,2921-88-2,True
Chlorpyrifos-methyl  (R)(F),Chlorpyrifos-methyl,5598-13-0,True
Chlorsulfuron,Chlorsulfuron,64902-72-3,True
Chlorthal-dimethyl,Chlorthal-dimethyl,1861-32-1,True
Chlorthiamid,Chlorthiamid,1918-13-4,True
Chlozolinate  (F),Chlozolinate,84332-86-5,True
Chromafenozide,Chromafenozide,143807-66-3,True
Cinidon-ethyl (sum of cinidon ethyl and its E-isomer),Cinidon-ethyl,,False
Clayed charcoal,Clayed charcoal,No CAS allocated,True
Clethodim (sum of Sethoxydim and Clethodim including degradation products calculated as Sethoxydim),Clethodim,99129-21-2,True
"Clodinafop and its S-isomers and their salts, expressed as clodinafop  (F)","Clodinafop and its S-isomers and their salts, expressed as clodinafop",,False
Clofentezine  (R),Clofentezine,74115-24-5,True
Clomazone,Clomazone,81777-89-1,True
Clonostachys rosea strain J1446 (formerly Gliocladium catenulatum strain J1446),Clonostachys rosea strain J1446,,False
Clopyralid,Clopyralid,1702-17-6,True
Clothianidin,Clothianidin,210880-92-5,True
Coniothyrium minitans strain CON/M/91-08 (DSM 9660),Coniothyrium minitans Strain CON/M/91-08 (DSM 9660),No CAS allocated,True
Copper compounds (Copper),Copper compounds,No unique CAS,True
Coumaphos,Coumaphos,56-72-4,True
Cow Milk,Cow Milk,No CAS allocated,True
Cyanamide including salts expressed as cyanamide,Cyanamide including salts expressed as cyanamide,,False
Cyantraniliprole,Cyantraniliprole,736994-63-1,True
Cyazofamid,Cyazofamid,120116-88-3,True
Cyclanilide  (F),Cyclanilide,113136-77-9,True
Cyclaniliprole,Cyclaniliprole,1031756-98-5,True
"Cycloxydim including degradation and reaction products which can be determined as 3-(3-thianyl)glutaric acid S-dioxide (BH 517-TGSO2) and/or 3-hydroxy-3-(3-thianyl)glutaric acid S-dioxide (BH 517-5-OH-TGSO2) or derivatives thereof, calculated in total as cycloxydim","Cycloxydim including degradation and reaction products which can be determined as 3-(3-thianyl)glutaric acid S-dioxide (BH 517-TGSO2) and/or 3-hydroxy-3-(3-thianyl)glutaric acid S-dioxide (BH 517-5-OH-TGSO2) or derivatives thereof, calculated in total as cycloxydim",,False
Cydia pomonella Granulovirus (CpGV),Cydia pomonella Granulovirus (CpGV),No CAS allocated,True
"Cyflufenamid (sum of cyflufenamid (Z-isomer) and its E-isomer, expressed as cyflufenamid) (R)(A)","Cyflufenamid (sum of cyflufenamid (Z-isomer) and its E-isomer, expressed as cyflufenamid)",,False
Cyflumetofen (sum of isomers),Cyflumetofen,400882-07-7,True
Cyfluthrin (cyfluthrin including other mixtures of constituent isomers (sum of isomers)) (F),Cyfluthrin (cyfluthrin including other mixtures of constituent isomers (sum of isomers)),,False
Cyhalofop-butyl,Cyhalofop-butyl,122008-85-9,True
Cymoxanil,Cymoxanil,57966-95-7,True
Cypermethrin (cypermethrin including other mixtures of constituent isomers (sum of isomers)) (F),Cypermethrin (cypermethrin including other mixtures of constituent isomers (sum of isomers)),,False
Cyproconazole (F),Cyproconazole,94361-06-5,True
Cyprodinil  (R)(F),Cyprodinil,121552-61-2,True
Cyromazine,Cyromazine,66215-27-8,True
"DDT (sum of p,p´-DDT, o,p´-DDT, p-p´-DDE and p,p´-TDE (DDD) expressed as DDT) (F)","DDT (sum of p,p´-DDT, o,p´-DDT, p-p´-DDE and p,p´-TDE (DDD) expressed as DDT)",,False
DNOC,DNOC,534-52-1,True
Dalapon,Dalapon,75-99-0,True
"Daminozide (sum of daminozide and 1,1-dimethyl-hydrazine (UDHM), expressed as daminozide)","Daminozide (sum of daminozide and 1,1-dimethyl-hydrazine (UDHM), expressed as daminozide)",,False
Deltamethrin (cis-deltamethrin) (F),Deltamethrin,52918-63-5,True
"Denatonium benzoate (sum of denatonium and its salts, expressed as denatonium benzoate)",Denatonium benzoate,,False
Desmedipham,Desmedipham,13684-56-5,True
Di-allate (sum of isomers) (F),Di-allate,2303-16-4,True
Diammonium phosphate,Diammonium phosphate,7783-28-0,True
Diazinon  (F),Diazinon,333-41-5,True
Dicamba,Dicamba,1918-00-9,True
Dichlobenil,Dichlobenil,1194-65-6,True
"Dichlorprop (Sum of dichlorprop (including dichlorprop-P), its salts, esters and conjugates, expressed as dichlorprop) (R)","Dichlorprop (Sum of dichlorprop (including dichlorprop-P), its salts, esters and conjugates, expressed as dichlorprop)",,False
Dichlorvos,Dichlorvos,62-73-7,True
Dicloran,Dicloran,99-30-9,True
"Dicofol (sum of p, p´ and o,p´ isomers) (F)",Dicofol,115-32-2,True
"Didecyldimethylammonium chloride (mixture of alkyl-quaternary ammonium salts with alkyl chain lengths of C8, C10 and C12)",Didecyldimethylammonium chloride,,False
Diethofencarb,Diethofencarb,87130-20-9,True
Difenacoum,Difenacoum,56073-07-5,True
Difenoconazole,Difenoconazole,119446-68-3,True
Diflubenzuron  (R)(F),Diflubenzuron,35367-38-5,True
Diflufenican  (F),Diflufenican,83164-33-4,True
Difluoroacetic acid (DFA),Difluoroacetic acid,,False
Dimethachlor,Dimethachlor,50563-36-5,True
Dimethenamid including other mixtures of constituent isomers including dimethenamid-P (sum of isomers),Dimethenamid including other mixtures of constituent isomers including dimethenamid-P,,False
Dimethipin,Dimethipin,55290-64-7,True
Dimethoate,Dimethoate,60-51-5,True
Dimethomorph (sum of isomers),Dimethomorph,110488-70-5,True
Dimoxystrobin  (R)(A),Dimoxystrobin,149961-52-4,True
Diniconazole (sum of isomers),Diniconazole,,False
"Dinocap (sum of dinocap isomers and their corresponding phenols expressed as dinocap) (Where only meptyldinocap or its corresponding phenol are detected but none of the other components constituting dinocap (including their corresponding phenols), the MRLs and residue definition of meptyldinocap are to be applied.) (F)","Dinocap (sum of dinocap isomers and their corresponding phenols expressed as dinocap) (Where only meptyldinocap or its corresponding phenol are detected but none of the other components constituting dinocap (including their corresponding phenols), the MRLs and residue definition of meptyldinocap are to be applied.)",,False
"Dinoseb (sum of dinoseb, its salts, dinoseb-acetate and binapacryl, expressed as dinoseb)",Dinoseb,,False
Dinotefuran,Dinotefuran,165252-70-0,True
"Dinoterb (sum of dinoterb, its salts and esters, expressed as dinoterb)",Dinoterb,1420-07-1,True
Dioxathion (sum of isomers) (F),Dioxathion,78-34-2,True
Diphenylamine,Diphenylamine,122-39-4,True
Diquat,Diquat,85-00-7,True
"Disulfoton (sum of disulfoton, disulfoton sulfoxide and disulfoton sulfone expressed as disulfoton) (F)",Disulfoton,298-04-4,True
Dithianon,Dithianon,3347-22-6,True
"Dithiocarbamates (dithiocarbamates expressed as CS2, including maneb, mancozeb, metiram, propineb, thiram and ziram)",Dithiocarbamates,,False
Diuron,Diuron,330-54-1,True
Dodemorph,Dodemorph,1593-77-7,True
Dodine,Dodine,2439-10-3,True
EPTC (ethyl dipropylthiocarbamate),EPTC,,False
Elemental iron,Elemental Iron,7439-89-6,True
"Emamectin B1a and its salts, expressed as emamectin B1a (free base) (R)(F)","Emamectin B1a and its salts, expressed as emamectin B1a",,False
Endosulfan (sum of alpha- and beta-isomers and endosulfan-sulphate expressed as endosulfan) (F),Endosulfan,115-29-7,True
Endrin  (F),Endrin,72-20-8,True
Epoxiconazole  (F),Epoxiconazole,133855-98-8,True
Equisetum arvense L.,Equisetum arvense L.,No CAS allocated,True
Ethalfluralin,Ethalfluralin,55283-68-6,True
Ethametsulfuron-methyl,Ethametsulfuron-methyl,97780-06-8,True
Ethephon,Ethephon,16672-87-0,True
Ethion,Ethion,,False
Ethirimol (R)(F)(A),Ethirimol,23947-60-6,True
"Ethofumesate (Sum of ethofumesate, 2-keto–ethofumesate, open-ring-2-keto-ethofumesate and its conjugate, expressed as ethofumesate)",Ethofumesate,26225-79-6,True
Ethoprophos,Ethoprophos,13194-48-4,True
Ethoxyquin  (F),Ethoxyquin,91-53-2,True
Ethoxysulfuron,Ethoxysulfuron,126801-58-9,True
Ethylene  (++),Ethylene,74-85-1,True
Ethylene oxide (sum of ethylene oxide and 2-chloro-ethanol expressed as ethylene oxide) (F),Ethylene oxide,75-21-8,True
Etofenprox  (F),Etofenprox,80844-07-1,True
Etoxazole,Etoxazole,153233-91-1,True
Etridiazole,Etridiazole,2593-15-9,True
Extract from Tea tree  (++),Extract from tea tree,No CAS allocated,True
FEN 560  (also called fenugreek or fenugreek seed powder),FEN 560,,False
Famoxadone  (F),Famoxadone,131807-57-3,True
Fat distillation residues,Fat distillation residues,No CAS allocated,True
Fatty acids / Lauric acid  (++)(+),Fatty acids / Lauric acid,,False
Fatty acids C7-C20  (++)(+),Fatty acids C7-C20,,False
Fatty acids:  Heptanoic acid  (++)(+),Fatty acids:  Heptanoic acid,,False
Fatty acids:  Octanoic acid  (++)(+),Fatty acids:  Octanoic acid,,False
Fatty acids:  fatty acid methyl ester  (++)(+),Fatty acids:  fatty acid methyl ester,,False
Fatty acids: Decanoic acid  (++)(+),Fatty acids: Decanoic acid,,False
Fatty acids: Oleic acid incl ethyloleate  (++)(+),Fatty acids: Oleic acid incl ethyloleate,,False
Fatty acids: Pelargonic acid  (++)(+),Fatty acids: Pelargonic acid,,False
Fatty alcohols/aliphatic alcohols  (+),Fatty alcohols/aliphatic alcohols,,False
Fenamidone,Fenamidone,161326-34-7,True
Fenamiphos (sum of fenamiphos and its sulphoxide and sulphone expressed as fenamiphos),Fenamiphos,,False
Fenarimol,Fenarimol,60168-88-9,True
Fenazaquin (F),Fenazaquin,120928-09-8,True
Fenbuconazole (sum of constituent enantiomers),Fenbuconazole,114369-43-6,True
Fenbutatin oxide  (F),Fenbutatin oxide,13356-08-6,True
Fenchlorphos (sum of fenchlorphos and fenchlorphos oxon expressed as fenchlorphos),Fenchlorphos,299-84-3,True
Fenhexamid  (F),Fenhexamid,126833-17-8,True
Fenitrothion,Fenitrothion,122-14-5,True
Fenoxaprop-P,Fenoxaprop-P,,False
Fenoxycarb,Fenoxycarb,72490-01-8,True
Fenpicoxamid  (R)(F),Fenpicoxamid,,False
Fenpropathrin,Fenpropathrin,39515-41-8,True
"Fenpropidin (sum of fenpropidin and its salts, expressed as fenpropidin) (R)(A)",Fenpropidin,67306-00-7,True
Fenpropimorph (sum of isomers) (R)(F),Fenpropimorph,67306-03-0,True
Fenpyrazamine  (F),Fenpyrazamine,473798-59-3,True
Fenpyroximate  (R)(F)(A),Fenpyroximate,134098-61-6,True
"Fenthion (fenthion and its oxigen analogue, their sulfoxides and sulfone expressed as parent) (F)",Fenthion,55-38-9,True
"Fentin (fentin including its salts, expressed as triphenyltin cation) (F)",Fentin,,False
"Fenvalerate (any ratio of constituent isomers (RR, SS, RS & SR) including esfenvalerate) (R)(F)","Fenvalerate (any ratio of constituent isomers (RR, SS, RS & SR) including esfenvalerate)",,False
Ferric phosphate (Iron (III) phosphate),Ferric phosphate (Iron (III) phosphate),,False
Ferric pyrophosphate,Ferric pyrophosphate,10058-44-3,True
Ferric sulphate (Iron (III) sulphate) (++),Ferric sulphate (Iron (III) sulphate),,False
Ferrous sulphate (Iron (II) sulphate) (++)(+),Ferrous sulphate (Iron (II) sulphate),,False
Fipronil (sum fipronil + sulfone metabolite (MB46136) expressed as fipronil) (F),Fipronil (sum fipronil + sulfone metabolite (MB46136) expressed as fipronil),,False
Flazasulfuron,Flazasulfuron,104040-78-0,True
"Flonicamid (sum of flonicamid, TFNA and TFNG expressed as flonicamid) (R)",Flonicamid,,False
Florasulam,Florasulam,145701-23-1,True
Florpyrauxifen-benzyl,Florpyrauxifen-benzyl,1390661-72-9,True
"Fluazifop-P (sum of all the constituent isomers of fluazifop, its esters and its conjugates, expressed as fluazifop)",Fluazifop-P,83066-88-0,True
Fluazinam  (F),Fluazinam,79622-59-6,True
Flubendiamide  (F),Flubendiamide,272451-65-7,True
Flucycloxuron  (F),Flucycloxuron,94050-52-9,True
Flucythrinate (flucythrinate including other mixtures of constituent isomers (sum of isomers)) (F),Flucythrinate (flucythrinate including other mixtures of constituent isomers (sum of isomers)),,False
Fludioxonil  (R)(F),Fludioxonil,131341-86-1,True
Flufenacet (sum of all compounds containing the N fluorophenyl-N-isopropyl moiety expressed as flufenacet),Flufenacet,,False
Flufenoxuron  (F),Flufenoxuron,101463-69-8,True
Flufenzin,Flufenzin,,False
Flumequine,Flumequine,42835-25-6,True
Flumetralin  (F),Flumetralin,62924-70-3,True
Flumioxazine,Flumioxazine,,False
Fluometuron,Fluometuron,2164-17-2,True
Fluopicolide,Fluopicolide,239110-15-7,True
Fluopyram  (R),Fluopyram,658066-35-4,True
Fluoride ion,Fluoride ion,,False
Fluoroglycofene,Fluoroglycofene,,False
Fluoxastrobin (sum of fluoxastrobin and its Z-isomer) (R),Fluoxastrobin,361377-29-9,True
Flupyradifurone,Flupyradifurone,951659-40-8,True
Flupyrsulfuron-methyl,Flupyrsulfuron-methyl,,False
Fluquinconazole  (F),Fluquinconazole,136426-54-5,True
Flurochloridone (sum of cis- and trans- isomers) (F),Flurochloridone,61213-25-0,True
"Fluroxypyr (sum of fluroxypyr, its salts, its esters, and its conjugates, expressed as fluroxypyr) (R)(A)",Fluroxypyr,69377-81-7,True
Flurprimidole,Flurprimidole,,False
Flurtamone,Flurtamone,96525-23-4,True
Flusilazole  (R)(F),Flusilazole,85509-19-9,True
Flutianil,Flutianil,958647-10-4,True
Flutolanil  (R),Flutolanil,66332-96-5,True
Flutriafol,Flutriafol,76674-21-0,True
Fluvalinate (sum of isomers) resulting from the use of tau-fluvalinate (F),Fluvalinate (sum of isomers) resulting from the use of tau-fluvalinate,,False
Fluxapyroxad (F),Fluxapyroxad,907204-31-3,True
Folic acid  (+),Folic acid,59-30-3,True
"Folpet (sum of folpet and phtalimide, expressed as folpet) (R)",Folpet,133-07-3,True
Fomesafen,Fomesafen,72178-02-0,True
Foramsulfuron,Foramsulfuron,173159-57-4,True
Forchlorfenuron,Forchlorfenuron,68157-60-8,True
Formetanate: Sum of formetanate and its salts expressed as formetanate (hydrochloride),Formetanate: Sum of formetanate and its salts expressed as formetanate,,False
Formothion,Formothion,2540-82-1,True
Fosetyl,Fosetyl,15845-66-6,True
Fosthiazate,Fosthiazate,98886-44-3,True
Fructose,Fructose,57-48-7,True
Fuberidazole,Fuberidazole,878-19-1,True
Furfural,Furfural,98-01-1,True
Garlic extract  (++),Garlic extract,No CAS allocated,True
Geraniol  (++)(+),Geraniol,106-24-1,True
Gibberellic acid  (++),Gibberellic acid,77-06-5,True
Gibberellin  (++),Gibberellin,,False
Gliocladium catenulatum strain J1446  (++),Gliocladium catenulatum strain J1446,,False
"Glufosinate (sum of glufosinate isomers, its salts and its metabolites 3-[hydroxy(methyl)phosphinoyl]propionic acid (MPP) and N-acetyl-glufosinate (NAG), expressed as glufosinate)","Glufosinate (sum of glufosinate isomers, its salts and its metabolites 3-[hydroxy(methyl)phosphinoyl]propionic acid (MPP) and N-acetyl-glufosinate (NAG), expressed as glufosinate)",,False
Glyphosate,Glyphosate,1071-83-6,True
"Guazatine (guazatine acetate, sum of components)",Guazatine,13516-27-3,True
"Halauxifen-methyl (sum of halauxifen-methyl and X11393729 (halauxifen), expressed as halauxifen-methyl)","Halauxifen-methyl (sum of halauxifen-methyl and X11393729 (halauxifen), expressed as halauxifen-methyl)",,False
Halosulfuron methyl,Halosulfuron methyl,,False
"Haloxyfop (Sum of haloxyfop, its esters, salts and conjugates expressed as haloxyfop (sum of the R- and S- isomers at any ratio)) (R)(F)","Haloxyfop (Sum of haloxyfop, its esters, salts and conjugates expressed as haloxyfop (sum of the R- and S- isomers at any ratio))",,False
Helicoverpa armigera nucleopolyhedrovirus,Helicoverpa armigera nucleopolyhedrovirus,,False
Heptachlor (sum of heptachlor and heptachlor epoxide expressed as heptachlor) (F),Heptachlor,76-44-8,True
Heptamaloxyloglucan,Heptamaloxyloglucan,870721-81-6,True
Hexachlorobenzene  (F),Hexachlorobenzene,118-74-1,True
"Hexachlorocyclohexane (HCH), alpha-isomer  (F)","Hexachlorocyclohexane (HCH), alpha-isomer",,False
"Hexachlorocyclohexane (HCH), beta-isomer  (F)","Hexachlorocyclohexane (HCH), beta-isomer",,False
Hexaconazole,Hexaconazole,79983-71-4,True
Hexythiazox (any ratio of constituent isomers) (F),Hexythiazox,78587-05-0,True
Hydrogen cyanide (cyanides expressed as hydrogen cyanide),Hydrogen cyanide,,False
Hydrogen peroxide,Hydrogen peroxide,7722-84-1,True
Hydrolysed proteins,Hydrolysed proteins,No CAS allocated,True
Hymexazol,Hymexazol,10004-44-1,True
Imazalil (any ratio of constituent isomers) (R),Imazalil,,False
"Imazamox (Sum of imazamox and its salts, expressed as imazamox)",Imazamox,114311-32-9,True
Imazapic,Imazapic,104098-48-8,True
Imazapyr,Imazapyr,81334-34-1,True
Imazaquin,Imazaquin,81335-37-7,True
Imazosulfuron,Imazosulfuron,122548-33-8,True
Imidacloprid,Imidacloprid,138261-41-3,True
Indolylacetic acid,Indolylacetic acid,,False
Indolylbutyric acid,Indolylbutyric acid,133-32-4,True
Indoxacarb (sum of indoxacarb and its R enantiomer) (F),Indoxacarb,173584-44-6,True
"Iodosulfuron-methyl (sum of iodosulfuron-methyl and its salts, expressed as iodosulfuron-methyl)",Iodosulfuron-methyl,,False
"Ioxynil (sum of ioxynil and its salts, expressed as ioxynil)",Ioxynil,1689-83-4,True
Ipconazole (sum of constituent isomers) (F),Ipconazole,125225-28-7,True
Iprodione  (R),Iprodione,36734-19-7,True
Iprovalicarb,Iprovalicarb,140923-17-7,True
Isaria fumosorosea Apopka strain 97 (formely Paecilomyces fumosoroseus),Isaria fumosorosea Apopka strain 97,,False
Isofetamid,Isofetamid,875915-78-9,True
Isoprothiolane,Isoprothiolane,50512-35-1,True
Isoproturon,Isoproturon,34123-59-6,True
Isopyrazam (F),Isopyrazam,881685-58-1,True
Isoxaben,Isoxaben,82558-50-7,True
"Isoxaflutole (sum of isoxaflutole and its diketonitrile-metabolite, expressed as isoxaflutole)",Isoxaflutole,141112-29-0,True
Kieselguhr  (aka diatomaceous earth) (++),Kieselguhr,,False
Kresoxim-methyl  (R),Kresoxim-methyl,143390-89-0,True
L-ascorbic acid,L-Ascorbic acid,50-81-7,True
L-cysteine,L-cysteine,see remark,True
Lactic acid  (+),Lactic acid,50-21-5,True
Lactofen,Lactofen,77501-63-4,True
"Lambda-cyhalothrin (includes gamma-cyhalothrin) (sum of R,S and S,R isomers) (F)",lambda-Cyhalothrin,91465-08-6,True
Laminarin,Laminarin,9008-22-4,True
Lavandulyl senecioate,Lavandulyl senecioate,23960-07-8,True
Lecithins,Lecithins,,False
Lenacil,Lenacil,2164-08-1,True
Lime sulphur,Lime sulphur,,False
Limestone  (++),Limestone,1317-65-3,True
Lindane (Gamma-isomer of hexachlorocyclohexane (HCH)) (F),Lindane (Gamma-isomer of hexachlorocyclohexane (HCH)),,False
Linuron,Linuron,330-55-2,True
Lufenuron (any ratio of constituent isomers) (F),Lufenuron,103055-07-8,True
"MCPA and MCPB (MCPA, MCPB including their salts, esters and conjugates expressed as MCPA) (R)(F)",MCPA and MCPB,,False
Malathion (sum of malathion and malaoxon expressed as malathion),Malathion,121-75-5,True
Maleic hydrazide,Maleic hydrazide,123-33-1,True
Maltodextrin,Maltodextrin,9050-36-6,True
Mandestrobin,Mandestrobin,173662-97-0,True
Mandipropamid (any ratio of constituent isomers),Mandipropamid,374726-62-2,True
Mecarbam,Mecarbam,2595-54-2,True
Mecoprop (sum of mecoprop-p and mecoprop expressed as mecoprop),Mecoprop,93-65-2,True
Mefentrifluconazole,Mefentrifluconazole,1417782-03-6,True
Mepanipyrim,Mepanipyrim,110235-47-7,True
"Mepiquat (sum of mepiquat and its salts, expressed as mepiquat chloride)",Mepiquat,15302-91-7,True
Mepronil,Mepronil,55814-41-0,True
"Meptyldinocap (sum of 2,4 DNOPC and 2,4 DNOP expressed as meptyldinocap)",Meptyldinocap,6119-92-2,True
Mercury compounds (sum of mercury compounds expressed as mercury),Mercury compounds,,False
Mesosulfuron-methyl,Mesosulfuron-methyl,,False
Mesotrione,Mesotrione,104206-8,True
Metaflumizone (sum of E- and Z- isomers),Metaflumizone,139968-49-3,True
Metalaxyl and metalaxyl-M (metalaxyl including other mixtures of constituent isomers including metalaxyl-M (sum of isomers)) (R),Metalaxyl and metalaxyl-M (metalaxyl including other mixtures of constituent isomers including metalaxyl-M (sum of isomers)),,False
Metaldehyde,Metaldehyde,see remark,True
Metam (see methylisothiocyanate),Metam,,False
Metamitron,Metamitron,41394-05-2,True
Metarhizium brunneum strain Ma 43,Metarhizium brunneum strain Ma 43,,False
"Metazachlor (Sum of metabolites 479M04, 479M08 and 479M16, expressed as metazachlor) (R)",Metazachlor,67129-08-2,True
Metconazole (sum of isomers) (F),Metconazole,125116-23-6,True
Methabenzthiazuron,Methabenzthiazuron,18691-97-9,True
Methacrifos,Methacrifos,30864-28-9,True
Methamidophos,Methamidophos,10265-92-6,True
Methidathion,Methidathion,950-37-8,True
"Methiocarb (sum of methiocarb and methiocarb sulfoxide and sulfone, expressed as methiocarb)",Methiocarb,,False
Methomyl,Methomyl,16752-77-5,True
Methoprene,Methoprene,40596-69-8,True
Methoxychlor  (F),Methoxychlor,72-43-5,True
Methoxyfenozide  (F),Methoxyfenozide,161050-58-4,True
Methyl decanoate (CAS 110-42-9),Methyl decanoate (CAS 110-42-9),110-42-9,True
Methyl nonyl ketone (F),Methyl nonyl ketone,112-12-9,True
Methyl octanoate (CAS 111-11-5),Methyl octanoate (CAS 111-11-5),111-11-5,True
Methylisothiocyanate (resulting from the use of dazomet or metam),Methylisothiocyanate,,False
Metolachlor and S-metolachlor (metolachlor including other mixtures of constituent isomers including S-metolachlor (sum of isomers)),Metolachlor and S-metolachlor (metolachlor including other mixtures of constituent isomers including S-metolachlor (sum of isomers)),,False
Metosulam,Metosulam,139528-85-1,True
Metrafenone  (F),Metrafenone,220899-03-6,True
Metribuzin,Metribuzin,21087-64-9,True
Metschnikowia fructicola strain NRRL Y-27328,Metschnikowia fructicola strain NRRL Y-27328,No CAS allocated,True
Metsulfuron-methyl,Metsulfuron-methyl,74223-64-6,True
Mevinphos (sum of E- and Z-isomers),Mevinphos,7786-34-7,True
"Milbemectin (sum of milbemycin A4 and milbemycin A3, expressed as milbemectin)",Milbemectin,See note,True
Mild Pepino Mosaic Virus isolate VC1,Mild Pepino Mosaic Virus isolate VC1,,False
Mild Pepino Mosaic Virus isolate VX1,Mild Pepino Mosaic Virus isolate VX1,,False
Molinate,Molinate,2212-67-1,True
Monocrotophos,Monocrotophos,6923-22-4,True
Monolinuron,Monolinuron,1746-81-2,True
Monuron,Monuron,150-68-5,True
Myclobutanil  (sum of  constituent isomers) (R),Myclobutanil,88671-89-0,True
Napropamide (sum  of isomers),Napropamide,15299-99-7,True
Nicosulfuron,Nicosulfuron,111991-09-4,True
Nicotine,Nicotine,54-11-5,True
Nitrofen  (F),Nitrofen,1836-75-5,True
Novaluron (sum of constituent isomers) (F),Novaluron,116714-46-6,True
Omethoate,Omethoate,1113-02-6,True
Onion oil,Onion oil,No CAS allocated,True
Orange oil  (++),Orange oil,No CAS allocated,True
Orthosulfamuron,Orthosulfamuron,213464-77-8,True
Oryzalin  (F),Oryzalin,19044-88-3,True
Oxadiargyl,Oxadiargyl,39807-15-3,True
Oxadiazon,Oxadiazon,19666-30-9,True
Oxadixyl,Oxadixyl,77732-09-3,True
Oxamyl,Oxamyl,23135-22-0,True
Oxasulfuron,Oxasulfuron,144651-06-9,True
Oxathiapiprolin,Oxathiapiprolin,1003318-67-9,True
Oxycarboxin,Oxycarboxin,5259-88-1,True
Oxydemeton-methyl (sum of oxydemeton-methyl and demeton-S-methylsulfone expressed as oxydemeton-methyl),Oxydemeton-methyl,301-12-2,True
Oxyfluorfen (F),Oxyfluorfen,42874-03-3,True
Paclobutrazol (sum of constituent isomers),Paclobutrazol,76738-62-0,True
Paecilomyces fumosoroseus strain FE 9901,Paecilomyces fumosoroseus strain Fe 9901,No CAS allocated,True
Paraffin oil (CAS 64742-46-7),Paraffin oil,,False
Paraffin oil (CAS 64742-54-7),Paraffin oil,,False
Paraffin oil (CAS 72623-86-0),Paraffin oil,,False
Paraffin oil (CAS 8042-47-5),Paraffin oil,,False
Paraffin oil (CAS 97862-82-3),Paraffin oil,,False
Paraquat,Paraquat,4685-14-7,True
Parathion  (F),Parathion,56-38-2,True
Parathion-methyl (sum of Parathion-methyl and paraoxon-methyl expressed as Parathion-methyl),Parathion-methyl,298-00-0,True
Pasteuria nishizawae Pn1,Pasteuria nishizawae Pn1,No CAS allocated,True
Penconazole (sum of constituent isomers) (F),Penconazole,66246-88-6,True
"Pencycuron (sum of pencycuron and pencycuron-PB-amine, expressed as pencycuron) (R)(F)(A)",Pencycuron,66063-05-6,True
Pendimethalin  (F),Pendimethalin,40487-42-1,True
Penflufen (sum of isomers) (F),Penflufen,494793-67-8,True
Penoxsulam,Penoxsulam,219714-96-2,True
Penthiopyrad (F),Penthiopyrad,183675-82-3,True
"Pepino Mosaic Virus, CH2 strain, mild isolate Abp2","Pepino Mosaic Virus, CH2 strain, mild isolate Abp2",,False
"Pepino Mosaic Virus, EU strain, mild isolate Abp1","Pepino Mosaic Virus, EU strain, mild isolate Abp1",,False
Pepino mosaic virus strain CH2 isolate 1906,Pepino mosaic virus strain CH2 isolate 1906,No CAS allocated,True
Pepper  (++),Pepper,,False
Permethrin (sum of isomers) (F),Permethrin,52645-53-1,True
Pethoxamid,Pethoxamid,106700-29-2,True
Petroleum oils (CAS 92062-35-6),Petroleum oils,No CAS allocated,True
Phenmedipham,Phenmedipham,13684-63-4,True
Phenothrin (phenothrin including other mixtures of constituent isomers (sum of isomers)) (F),Phenothrin (phenothrin including other mixtures of constituent isomers (sum of isomers)),,False
Phenthoate,Phenthoate,2597-03-7,True
Phlebiopsis gigantea,Phlebiopsis gigantea,,False
"Phorate (sum of phorate, its oxygen analogue and their sulfones expressed as phorate)",Phorate,298-02-2,True
Phosalone,Phosalone,2310-17-0,True
Phosmet,Phosmet,732-11-6,True
Phosphamidon,Phosphamidon,13171-21-6,True
"Phosphane and phosphide salts (sum of phosphane and phosphane generators (relevant phosphide salts), determined and expressed as phosphane)","Phosphane and phosphide salts (sum of phosphane and phosphane generators (relevant phosphide salts), determined and expressed as phosphane)",,False
Phosphonic acid and its salts expressed as phosphonic acid (R),Phosphonic acid and its salts expressed as phosphonic acid,,False
Phoxim  (F),Phoxim,14816-18-3,True
"Picloram, free and conjugated, expressed as picloram (R)","Picloram, free and conjugated, expressed as picloram",,False
Picolinafen,Picolinafen,137641-05-5,True
Picoxystrobin  (F),Picoxystrobin,117428-22-5,True
Pirimicarb  (R),Pirimicarb,23103-98-2,True
Pirimiphos-methyl  (F),Pirimiphos-methyl,29232-93-7,True
Plant oils / Citronella oil,Plant oils / Citronella oil,No CAS allocated,True
Plant oils / Citronellol  (++),Plant oils / Citronellol,,False
Plant oils / Clove oil Eugenol  (++),Plant oils / Clove oil Eugenol,,False
Plant oils / Rapeseed oil  (++),Plant oils / Rapeseed oil,,False
Plant oils / Spearmint oil  (++),Plant oils / Spearmint oil,,False
Potassium Iodide  (++),Potassium iodide,7681-11-0,True
Potassium Thiocyanate,Potassium thiocyanate,333-20-0,True
Potassium hydrogen carbonate,Potassium hydrogen carbonate,298-14-6,True
Potassium permanganate,Potassium permanganate,7722-64-7,True
Potassium sorbate,Potassium sorbate,24634-61-5,True
Potassium tri-iodide,Potassium tri-iodide,No CAS allocated,True
"Prochloraz (sum of prochloraz, BTS 44595 (M201-04) and BTS 44596 (M201-03), expressed as prochloraz) (F)","Prochloraz (sum of prochloraz, BTS 44595 (M201-04) and BTS 44596 (M201-03), expressed as prochloraz)",,False
Procymidone  (R),Procymidone,32809-16-8,True
Profenofos  (F),Profenofos,41198-08-7,True
Profoxydim,Profoxydim,139001-49-3,True
Prohexadione (prohexadione (acid) and its salts expressed as prohexadione-calcium),Prohexadione (prohexadione (acid) and its salts expressed as prohexadione-calcium),,False
"Propachlor: oxalinic derivate of propachlor, expressed as propachlor","Propachlor: oxalinic derivate of propachlor, expressed as propachlor",,False
"Propamocarb (Sum of propamocarb and its salts, expressed as propamocarb) (R)",Propamocarb,24579-73-5,True
Propanil,Propanil,709-98-8,True
Propargite  (F),Propargite,2312-35-8,True
Propham,Propham,122-42-9,True
Propiconazole (sum of isomers) (F),Propiconazole,60207-90-1,True
Propineb (expressed as propilendiamine),Propineb,9016-72-2,True
Propisochlor,Propisochlor,,False
Propoxur,Propoxur,114-26-1,True
"Propoxycarbazone (propoxycarbazone, its salts and 2-hydroxypropoxycarbazone expressed as propoxycarbazone) (A)",Propoxycarbazone,145026-81-9,True
Propyzamide (R)(F),Propyzamide,23950-58-5,True
Proquinazid (R)(F),Proquinazid,189278-12-4,True
Prosulfocarb,Prosulfocarb,52888-80-9,True
Prosulfuron,Prosulfuron,94125-34-5,True
Prothioconazole: prothioconazole-desthio (sum of isomers) (F),Prothioconazole: prothioconazole-desthio,,False
Pseudomonas chlororaphis strain MA342,Pseudomonas chlororaphis strain MA342,No CAS allocated,True
Pseudomonas sp. Strain DSMZ 13134,Pseudomonas sp. Strain DSMZ 13134,No CAS allocated,True
Purpureocillium lilacinum PL11,Purpureocillium lilacinum PL11,,False
Purpureocillium lilacinum strain 251 (former Paecilomyces lilacinus strain 251),Purpureocillium lilacinum strain 251 (former Paecilomyces lilacinus strain 251),No CAS allocated,True
Pymetrozine  (R),Pymetrozine,123312-89-0,True
Pyraclostrobin  (F),Pyraclostrobin,175013-18-0,True
"Pyraflufen-ethyl (Sum of pyraflufen-ethyl and pyraflufen, expressed as pyraflufen-ethyl)",Pyraflufen-ethyl,129630-19-9,True
Pyrasulfotole,Pyrasulfotole,365400-11-9,True
Pyrazophos  (F),Pyrazophos,13457-18-6,True
Pyrethrins,Pyrethrins,8003-34-7,True
Pyridaben  (F),Pyridaben,96489-71-3,True
Pyridalyl,Pyridalyl,179101-81-6,True
"Pyridate (sum of pyridate, its hydrolysis product CL 9673 (6-chloro-4-hydroxy-3-phenylpyridazin) and hydrolysable conjugates of CL 9673 expressed as pyridate)","Pyridate (sum of pyridate, its hydrolysis product CL 9673 (6-chloro-4-hydroxy-3-phenylpyridazin) and hydrolysable conjugates of CL 9673 expressed as pyridate)",,False
Pyrimethanil (R),Pyrimethanil,53112-28-0,True
Pyriofenone,Pyriofenone,688046-61-9,True
Pyriproxyfen  (F),Pyriproxyfen,95737-68-1,True
Pyroxsulam,Pyroxsulam,422556-08-9,True
Pythium oligandrum strain M1,Pythium oligandrum strain M1,No CAS allocated,True
Quartz sand,Quartz sand,No CAS allocated,True
Quinalphos  (F),Quinalphos,13593-03-8,True
Quinclorac,Quinclorac,84087-01-4,True
Quinmerac (sum of quinmerac and its metabolites BH 518-2 and BH 518-4 expressed as quinmerac) (R),Quinmerac,90717-03-6,True
Quinoclamine,Quinoclamine,2797-51-5,True
Quinoxyfen  (F),Quinoxyfen,124495-18-7,True
Quintozene (sum of quintozene and pentachloro-aniline expressed as quintozene) (F),Quintozene,82-68-8,True
"Quizalofop (sum of quizalofop, its salts, its esters (including propaquizafop) and its conjugates, expressed as quizalofop (any ratio of constituent isomers))","Quizalofop (sum of quizalofop, its salts, its esters (including propaquizafop) and its conjugates, expressed as quizalofop (any ratio of constituent isomers))",,False
Repellants: Blood meal,Repellants: Blood meal,,False
Repellants: Fish oil,Repellants: Fish oil,,False
Repellants: Sheep fat,Repellants: Sheep fat,,False
Repellants: Tall oil,Repellants: Tall oil,,False
Rescalure,Rescalure,67601-06-3,True
Resmethrin (resmethrin including other mixtures of consituent isomers (sum of isomers)) (F),Resmethrin (resmethrin including other mixtures of consituent isomers (sum of isomers)),,False
Rimsulfuron,Rimsulfuron,,False
Rotenone,Rotenone,83-79-4,True
S-abscisic acid,S-abscisic acid,21293-29-8,True
Saccharomyces cerevisiae strain LAS02,Saccharomyces cerevisiae strain LAS02,No CAS allocated,True
"Saflufenacil (sum of saflufenacil, M800H11 and M800H35, expressed as saflufenacil) (R)",Saflufenacil,372137-35-4,True
Salix spp. cortex,Salix spp. cortex,No CAS allocated,True
Seaweed extracts  (++),Seaweed extracts,,False
Sedaxane (sum of isomers),Sedaxane,874967-67-6,True
Silthiofam,Silthiofam,175217-20-6,True
Simazine,Simazine,122-34-9,True
Sintofen,Sintofen,,False
"Sodium 5-nitroguaiacolate, sodium o-nitrophenolate and sodium p-nitrophenolate (Sum of sodium 5-nitroguaiacolate, sodium o-nitrophenolate and sodium p-nitrophenolate, expressed as sodium 5-nitroguaiacolate)","Sodium 5-nitroguaiacolate, sodium o-nitrophenolate and sodium p-nitrophenolate",,False
Sodium aluminium silicate,Sodium aluminium silicate,12003-51-9,True
Sodium chloride,Sodium chloride,7647-14-5,True
Sodium hydrogen carbonate,Sodium hydrogen carbonate,,False
Sodium hypochlorite,Sodium hypochlorite,7681-52-9,True
Spinetoram (sum of spinetoram-J and spinetoram-L) (F)(A),Spinetoram,See note,True
"Spinosad (spinosad, sum of spinosyn A and spinosyn D) (F)",Spinosad,168316-95-8,True
Spirodiclofen  (F),Spirodiclofen,148477-71-8,True
Spiromesifen,Spiromesifen,283594-90-1,True
"Spirotetramat and spirotetramat-enol (sum of), expressed as spirotetramat (R)","Spirotetramat and spirotetramat-enol (sum of), expressed as spirotetramat",,False
Spiroxamine (sum of isomers) (R)(A),Spiroxamine,118134-30-8,True
Spodoptera exigua multicapsid nucleopolyhedrovirus (SeMNPV) isolate BV-0004,Spodoptera exigua multicapsid nucleopolyhedrovirus (SeMNPV) isolate BV-0004,,False
Spodoptera exigua nuclear polyhedrosis virus,Spodoptera exigua nuclear polyhedrosis virus,No CAS allocated,True
Spodoptera littoralis nucleopolyhedrovirus,Spodoptera littoralis nucleopolyhedrovirus,,False
Straight Chain Lepidopteran Pheromones (SCLP),Straight Chain Lepidopteran Pheromones,,False
Streptomyces K61 (formerly S.griseoviridis),Streptomyces K61,,False
Streptomycin,Streptomycin,57-92-1,True
Sucrose,Sucrose,57-50-1,True
Sulcotrione  (R),Sulcotrione,99105-77-8,True
Sulfosulfuron,Sulfosulfuron,141776-32-1,True
Sulfoxaflor (sum of isomers),Sulfoxaflor,946578-00-3,True
Sulfuryl fluoride,Sulfuryl fluoride,2699-79-8,True
Sulphur,Sulphur,No CAS allocated,True
Sulphuric acid,Sulphuric acid,7664-93-9,True
"Sum of M4 and M6 (both free and conjugated), expressed as pinoxaden (R)(A)","Sum of M4 and M6 (both free and conjugated), expressed as pinoxaden",,False
"Sum of diclofop-methyl, diclofop acid and its salts, expressed as diclofop-methyl (sum of isomers)","Sum of diclofop-methyl, diclofop acid and its salts, expressed as diclofop-methyl",,False
"Sum of metobromuron and 4-bromophenylurea, expressed as metobromuron","Sum of metobromuron and 4-bromophenylurea, expressed as metobromuron",,False
Sunflower oil,Sunflower oil,No CAS allocated,True
TEPP,TEPP,,False
Talc E553B,Talc E553B,14807-96-6,True
Tebuconazole  (R),Tebuconazole,107534-96-3,True
Tebufenozide  (F),Tebufenozide,112410-23-8,True
Tebufenpyrad  (F),Tebufenpyrad,119168-77-3,True
Tecnazene  (F),Tecnazene,117-18-0,True
Teflubenzuron  (F),Teflubenzuron,Teflubenzuron,True
Tefluthrin (tefluthrin including other mixtures of constituent isomers (sum of isomers)) (F),Tefluthrin (tefluthrin including other mixtures of constituent isomers (sum of isomers)),,False
"Tembotrione (Sum of parent tembotrione (AE 0172747) and its metabolite M5 (4,6-dihydroxy tembotrione), expressed as tembotrione) (R)","Tembotrione (Sum of parent tembotrione (AE 0172747) and its metabolite M5 (4,6-dihydroxy tembotrione), expressed as tembotrione)",,False
"Tepraloxydim (sum of tepraloxydim and its metabolites that can be hydrolysed either to the moiety 3-(tetrahydro-pyran-4-yl)-glutaric acid or to the moiety 3-hydroxy-(tetrahydro-pyran-4-yl)-glutaric acid, expressed as tepraloxydim)","Tepraloxydim (sum of tepraloxydim and its metabolites that can be hydrolysed either to the moiety 3-(tetrahydro-pyran-4-yl)-glutaric acid or to the moiety 3-hydroxy-(tetrahydro-pyran-4-yl)-glutaric acid, expressed as tepraloxydim)",,False
Terbufos,Terbufos,13071-79-9,True
Terbuthylazine (R)(F),Terbuthylazine,5915-41-3,True
Terpenoid blend QRD 460,Terpenoid blend QRD 460,,False
Tetraconazole (sum of constituent isomers) (F),Tetraconazole,112281-77-3,True
Tetradifon,Tetradifon,116-29-0,True
Thiabendazole (R),Thiabendazole,148-79-8,True
Thiacloprid,Thiacloprid,111988-49-9,True
Thiamethoxam,Thiamethoxam,153719-23-4,True
Thiencarbazone-methyl,Thiencarbazone-methyl,317815-83-1,True
Thifensulfuron-methyl,Thifensulfuron-methyl,79277-27-3,True
Thiobencarb (4-chlorobenzyl methyl sulfone) (A),Thiobencarb,28249-77-6,True
Thiodicarb,Thiodicarb,59669-26-0,True
Thiophanate-methyl  (R),Thiophanate-methyl,23564-05-8,True
Thiram (expressed as thiram),Thiram,137-26-8,True
Thymol  (++)(+),Thymol,89-83-8,True
Tolclofos-methyl  (F),Tolclofos-methyl,57018-04-9,True
Tolylfluanid (Sum of tolylfluanid and dimethylaminosulfotoluidide expressed as tolylfluanid) (R)(F),Tolylfluanid,731-27-1,True
Topramezone (BAS 670H),Topramezone,210631-68-8,True
Tralkoxydim (sum of the constituent isomers of tralkoxydim),Tralkoxydim,87820-88-0,True
Tri-allate,Tri-allate,2303-17-5,True
Triadimefon  (F),Triadimefon,43121-43-3,True
Triadimenol (any ratio of constituent isomers),Triadimenol,55219-65-3,True
Triasulfuron,Triasulfuron,82097-50-5,True
Triazophos  (F),Triazophos,24017-47-8,True
Triazoxide,Triazoxide,72459-58-6,True
Tribenuron-methyl,Tribenuron-methyl,,False
Trichlorfon,Trichlorfon,52-68-6,True
Trichoderma afroharzianum (Formerly Trichoderma harzianum) strain T-22,Trichoderma afroharzianum (Formerly Trichoderma harzianum) strain T-22,,False
"Trichoderma asperellum (formerly T. harzianum) strains ICC012, T25 and TV1","Trichoderma asperellum (formerly T. harzianum) strains ICC012, T25 and TV1",,False
Trichoderma asperellum (strain T34),Trichoderma asperellum,,False
Trichoderma atroviride (formerly T. harzianum) strains IMI 206040 and T11,Trichoderma atroviride (formerly T. harzianum) strains IMI 206040 and T11,,False
Trichoderma atroviride strain AGR2,Trichoderma atroviride strain AGR2,,False
Trichoderma atroviride strain AT10,Trichoderma atroviride strain AT10,,False
Trichoderma atroviride strain I-1237,Trichoderma atroviride strain I-1237,No CAS allocated,True
Trichoderma atroviride strain SC1,Trichoderma atroviride strain SC1,No CAS allocated,True
Trichoderma gamsii (formerly T. viride) strain ICC080,Trichoderma gamsii (formerly T. viride) strain ICC080,No CAS allocated,True
Trichoderma polysporum strain IMI 206039,Trichoderma polysporum strain IMI 206039,No CAS allocated,True
Triclopyr,Triclopyr,55335-06-3,True
Tricyclazole,Tricyclazole,41814-78-2,True
Tridemorph  (F),Tridemorph,24602-86-6,True
Trifloxystrobin (R)(F),Trifloxystrobin,141517-21-7,True
Triflumezopyrim,Triflumezopyrim,1263133-33-0,True
"Triflumizole: Triflumizole and metabolite FM-6-1(N-(4-chloro-2-trifluoromethylphenyl)-n-propoxyacetamidine), expressed as Triflumizole (R)(F)","Triflumizole: Triflumizole and metabolite FM-6-1(N-(4-chloro-2-trifluoromethylphenyl)-n-propoxyacetamidine), expressed as Triflumizole",,False
Triflumuron  (F),Triflumuron,64628-44-0,True
Trifluralin,Trifluralin,1582-09-8,True
"Triflusulfuron (6-(2,2,2-trifluoroethoxy)-1,3,5-triazine-2,4-diamine (IN-M7222))","Triflusulfuron (6-(2,2,2-trifluoroethoxy)-1,3,5-triazine-2,4-diamine (IN-M7222))",,False
Triforine,Triforine,26644-46-2,True
"Trimethyl-sulfonium cation, resulting from the use of glyphosate  (F)","Trimethyl-sulfonium cation, resulting from the use of glyphosate",,False
Trimethylamine hydrochloride  (++),Trimethylamine hydrochloride,593-81-7,True
"Trinexapac (sum of trinexapac (acid) and its salts, expressed as trinexapac)","Trinexapac (sum of trinexapac (acid) and its salts, expressed as trinexapac)",,False
Triticonazole,Triticonazole,131983-72-7,True
Tritosulfuron,Tritosulfuron,142469-14-5,True
Urea,Urea,57-13-6,True
Urtica spp.,Urtica spp.,No CAS allocated,True
Valifenalate (R)(A),Valifenalate,,False
Verticillium albo-atrum isolate WCS850,Verticillium albo-atrum isolate WCS850,,False
Vinclozolin,Vinclozolin,50471-44-8,True
Vinegar,Vinegar,64-19-7,True
Warfarin,Warfarin,,False
Whey,Whey,No CAS allocated,True
"Z,Z,Z,Z-7,13,16,19-docosatetraen-1-yl isobutyrate (F)","Z,Z,Z,Z-7,13,16,19-docosatetraen-1-yl isobutyrate",,False
Z-13-hexadecen-11-yn-1-yl acetate (F),Z-13-hexadecen-11-yn-1-yl acetate,,False
Ziram,Ziram,137-30-4,True
Zoxamide (sum of constituent isomers),Zoxamide,156052-68-5,True
"Zucchini Yellow Mosaik Virus, weak strain","Zucchini Yellow Mosaik Virus, weak strain",,False
mustard seeds powder,Mustard seeds powder,No CAS allocated,True
